{
	"format_version": "1.9.0",
	"credit": "Made with Blockbench",
	"ambientocclusion": false,
	"texture_size": [64, 64],
	"textures": {
		"0": "ticketsystem:block/gateopen",
		"particle": "ticketsystem:block/gateopen"
	},
	"elements": [
		{
			"from": [0, 0, 0],
			"to": [16, 13, 1],
			"faces": {
				"north": {"uv": [0.25, 0.25, 4.25, 3.5], "texture": "#0"},
				"east": {"uv": [0, 0.25, 0.25, 3.5], "texture": "#0"},
				"south": {"uv": [4.5, 0.25, 8.5, 3.5], "texture": "#0"},
				"west": {"uv": [4.25, 0.25, 4.5, 3.5], "texture": "#0"},
				"up": {"uv": [4.25, 0.25, 0.25, 0], "texture": "#0"},
				"down": {"uv": [8.25, 0, 4.25, 0.25], "texture": "#0"}
			}
		},
		{
			"from": [8, 2, 1],
			"to": [12, 11, 2],
			"rotation": {"angle": 0, "axis": "y", "origin": [8, 2, 4]},
			"faces": {
				"north": {"uv": [0.25, 6, 1.25, 8.25], "texture": "#0"},
				"east": {"uv": [0, 6, 0.25, 8.25], "texture": "#0"},
				"south": {"uv": [1.5, 6, 2.5, 8.25], "texture": "#0"},
				"west": {"uv": [1.25, 6, 1.5, 8.25], "texture": "#0"},
				"up": {"uv": [1.25, 6, 0.25, 5.75], "texture": "#0"},
				"down": {"uv": [2.25, 5.75, 1.25, 6], "texture": "#0"}
			}
		},
		{
			"from": [0, 0, 15],
			"to": [6, 12, 16],
			"rotation": {"angle": 0, "axis": "y", "origin": [6, -1, 14]},
			"faces": {
				"north": {"uv": [2.5, 8.25, 4, 11.25], "texture": "#0"},
				"east": {"uv": [8.5, 3, 8.75, 6], "texture": "#0"},
				"south": {"uv": [8.5, 0, 10, 3], "texture": "#0"},
				"west": {"uv": [5, 8.5, 5.25, 11.5], "texture": "#0"},
				"up": {"uv": [10, 8.5, 8.5, 8.25], "texture": "#0"},
				"down": {"uv": [10, 8.5, 8.5, 8.75], "texture": "#0"}
			}
		},
		{
			"from": [6, 0, 15],
			"to": [16, 12, 16],
			"rotation": {"angle": 0, "axis": "y", "origin": [6, 0, 14]},
			"faces": {
				"north": {"uv": [6, 8, 8.5, 11], "texture": "#0"},
				"east": {"uv": [5.25, 8.5, 5.5, 11.5], "texture": "#0"},
				"south": {"uv": [0, 8.25, 2.5, 11.25], "texture": "#0"},
				"west": {"uv": [5.5, 8.5, 5.75, 11.5], "texture": "#0"},
				"up": {"uv": [11, 6.25, 8.5, 6], "texture": "#0"},
				"down": {"uv": [11, 6.25, 8.5, 6.5], "texture": "#0"}
			}
		},
		{
			"from": [8, 2, 14],
			"to": [12, 11, 15],
			"rotation": {"angle": 0, "axis": "y", "origin": [8, 2, 14]},
			"faces": {
				"north": {"uv": [2.75, 6, 3.75, 8.25], "texture": "#0"},
				"east": {"uv": [2.5, 6, 2.75, 8.25], "texture": "#0"},
				"south": {"uv": [4, 6, 5, 8.25], "texture": "#0"},
				"west": {"uv": [3.75, 6, 4, 8.25], "texture": "#0"},
				"up": {"uv": [3.75, 6, 2.75, 5.75], "texture": "#0"},
				"down": {"uv": [4.75, 5.75, 3.75, 6], "texture": "#0"}
			}
		},
		{
			"from": [12, 3, 14],
			"to": [14, 10, 15],
			"rotation": {"angle": 0, "axis": "y", "origin": [9, 3, 14]},
			"faces": {
				"north": {"uv": [4, 8.25, 4.5, 10], "texture": "#0"},
				"east": {"uv": [5.75, 8.5, 6, 10.25], "texture": "#0"},
				"south": {"uv": [4.5, 8.25, 5, 10], "texture": "#0"},
				"west": {"uv": [8.5, 6.5, 8.75, 8.25], "texture": "#0"},
				"up": {"uv": [6.5, 8, 6, 7.75], "texture": "#0"},
				"down": {"uv": [9.25, 3, 8.75, 3.25], "texture": "#0"}
			}
		},
		{
			"from": [12, 3, 1],
			"to": [14, 10, 2],
			"rotation": {"angle": 0, "axis": "y", "origin": [8, 8, 5]},
			"faces": {
				"north": {"uv": [5.25, 6, 5.75, 7.75], "texture": "#0"},
				"east": {"uv": [5, 6, 5.25, 7.75], "texture": "#0"},
				"south": {"uv": [6, 6, 6.5, 7.75], "texture": "#0"},
				"west": {"uv": [5.75, 6, 6, 7.75], "texture": "#0"},
				"up": {"uv": [5.75, 6, 5.25, 5.75], "texture": "#0"},
				"down": {"uv": [6.25, 5.75, 5.75, 6], "texture": "#0"}
			}
		},
		{
			"from": [4, 12, 15],
			"to": [16, 16, 16],
			"rotation": {"angle": 0, "axis": "y", "origin": [3, 13, 15]},
			"faces": {
				"north": {"uv": [0.25, 3.75, 3.25, 4.75], "texture": "#0"},
				"east": {"uv": [0, 3.75, 0.25, 4.75], "texture": "#0"},
				"south": {"uv": [3.5, 3.75, 6.5, 4.75], "texture": "#0"},
				"west": {"uv": [3.25, 3.75, 3.5, 4.75], "texture": "#0"},
				"up": {"uv": [3.25, 3.75, 0.25, 3.5], "texture": "#0"},
				"down": {"uv": [6.25, 3.5, 3.25, 3.75], "texture": "#0"}
			}
		},
		{
			"from": [4, 13, 0],
			"to": [16, 16, 1],
			"rotation": {"angle": 0, "axis": "y", "origin": [7, 13, 0]},
			"faces": {
				"north": {"uv": [0.25, 5, 3.25, 5.75], "texture": "#0"},
				"east": {"uv": [0, 5, 0.25, 5.75], "texture": "#0"},
				"south": {"uv": [3.5, 5, 6.5, 5.75], "texture": "#0"},
				"west": {"uv": [3.25, 5, 3.5, 5.75], "texture": "#0"},
				"up": {"uv": [3.25, 5, 0.25, 4.75], "texture": "#0"},
				"down": {"uv": [6.25, 4.75, 3.25, 5], "texture": "#0"}
			}
		},
		{
			"from": [16, 6, -1],
			"to": [17, 9, 2],
			"rotation": {"angle": 0, "axis": "y", "origin": [16, 0, -15]},
			"faces": {
				"north": {"uv": [7.25, 4.25, 7.5, 5], "texture": "#0"},
				"east": {"uv": [6.5, 4.25, 7.25, 5], "texture": "#0"},
				"south": {"uv": [8.25, 4.25, 8.5, 5], "texture": "#0"},
				"west": {"uv": [7.5, 4.25, 8.25, 5], "texture": "#0"},
				"up": {"uv": [7.5, 4.25, 7.25, 3.5], "texture": "#0"},
				"down": {"uv": [7.75, 3.5, 7.5, 4.25], "texture": "#0"}
			}
		},
		{
			"from": [-1, 6, 14],
			"to": [0, 9, 17],
			"rotation": {"angle": 0, "axis": "y", "origin": [-2, 7, 14]},
			"faces": {
				"north": {"uv": [7.25, 5.75, 7.5, 6.5], "texture": "#0"},
				"east": {"uv": [6.5, 5.75, 7.25, 6.5], "texture": "#0"},
				"south": {"uv": [8.25, 5.75, 8.5, 6.5], "texture": "#0"},
				"west": {"uv": [7.5, 5.75, 8.25, 6.5], "texture": "#0"},
				"up": {"uv": [7.5, 5.75, 7.25, 5], "texture": "#0"},
				"down": {"uv": [7.75, 5, 7.5, 5.75], "texture": "#0"}
			}
		},
		{
			"from": [15, 16, 15],
			"to": [16, 18, 16],
			"rotation": {"angle": 0, "axis": "y", "origin": [15, 16, 15]},
			"faces": {
				"north": {"uv": [5.25, 8, 5.5, 8.5], "texture": "#0"},
				"east": {"uv": [5, 8, 5.25, 8.5], "texture": "#0"},
				"south": {"uv": [5.75, 8, 6, 8.5], "texture": "#0"},
				"west": {"uv": [5.5, 8, 5.75, 8.5], "texture": "#0"},
				"up": {"uv": [5.5, 8, 5.25, 7.75], "texture": "#0"},
				"down": {"uv": [5.75, 7.75, 5.5, 8], "texture": "#0"}
			}
		},
		{
			"from": [15, 18, 13],
			"to": [16, 21, 16],
			"light_emission": 5,
			"rotation": {"angle": -22.5, "axis": "y", "origin": [14, 18, 14]},
			"faces": {
				"north": {"uv": [7.25, 7.25, 7.5, 8], "texture": "#0"},
				"east": {"uv": [6.5, 7.25, 7.25, 8], "texture": "#0"},
				"south": {"uv": [8.25, 7.25, 8.5, 8], "texture": "#0"},
				"west": {"uv": [7.5, 7.25, 8.25, 8], "texture": "#0"},
				"up": {"uv": [7.5, 7.25, 7.25, 6.5], "texture": "#0"},
				"down": {"uv": [7.75, 6.5, 7.5, 7.25], "texture": "#0"}
			}
		}
	],
	"groups": [
		{
			"name": "group",
			"origin": [6, 0, 14],
			"color": 0,
			"children": [
				0,
				1,
				2,
				3,
				4,
				{
					"name": "group",
					"origin": [8, 8, 8],
					"color": 0,
					"children": [5, 6]
				},
				{
					"name": "group",
					"origin": [8, 8, 8],
					"color": 0,
					"children": [7, 8]
				},
				{
					"name": "显示状态",
					"origin": [6, 0, 14],
					"color": 0,
					"children": [9, 10, 11]
				},
				12
			]
		},
		{
			"name": "出闸机信号灯",
			"origin": [8, 8, 8],
			"color": 0,
			"children": []
		}
	]
}