{
	"format_version": "1.9.0",
	"credit": "Made with Blockbench",
	"ambientocclusion": false,
	"texture_size": [64, 64],
	"textures": {
		"0": "ticketsystem:block/gateclose",
		"particle": "ticketsystem:block/gateclose"
	},
	"elements": [
		{
			"from": [0, 0, 0],
			"to": [16, 13, 1],
			"faces": {
				"north": {"uv": [0.25, 0.25, 4.25, 3.5], "texture": "#0"},
				"east": {"uv": [0, 0.25, 0.25, 3.5], "texture": "#0"},
				"south": {"uv": [4.5, 0.25, 8.5, 3.5], "texture": "#0"},
				"west": {"uv": [4.25, 0.25, 4.5, 3.5], "texture": "#0"},
				"up": {"uv": [4.25, 0.25, 0.25, 0], "texture": "#0"},
				"down": {"uv": [8.25, 0, 4.25, 0.25], "texture": "#0"}
			}
		},
		{
			"from": [8, 2, 1],
			"to": [9, 11, 5],
			"rotation": {"angle": 0, "axis": "y", "origin": [8, 2, 4]},
			"faces": {
				"north": {"uv": [7.5, 8.75, 7.75, 11], "texture": "#0"},
				"east": {"uv": [6.5, 8.75, 7.5, 11], "texture": "#0"},
				"south": {"uv": [8.75, 8.75, 9, 11], "texture": "#0"},
				"west": {"uv": [7.75, 8.75, 8.75, 11], "texture": "#0"},
				"up": {"uv": [7.75, 8.75, 7.5, 7.75], "texture": "#0"},
				"down": {"uv": [8, 7.75, 7.75, 8.75], "texture": "#0"}
			}
		},
		{
			"from": [0, 0, 15],
			"to": [6, 12, 16],
			"rotation": {"angle": 0, "axis": "y", "origin": [6, -1, 14]},
			"faces": {
				"north": {"uv": [2.75, 3.75, 4.25, 6.75], "texture": "#0"},
				"east": {"uv": [0, 3.75, 0.25, 6.75], "texture": "#0"},
				"south": {"uv": [4.5, 3.75, 6, 6.75], "texture": "#0"},
				"west": {"uv": [4.25, 3.75, 4.5, 6.75], "texture": "#0"},
				"up": {"uv": [4.25, 3.75, 2.75, 3.5], "texture": "#0"},
				"down": {"uv": [8.25, 3.5, 6.75, 3.75], "texture": "#0"}
			}
		},
		{
			"from": [6, 0, 15],
			"to": [16, 12, 16],
			"rotation": {"angle": 0, "axis": "y", "origin": [6, 0, 14]},
			"faces": {
				"north": {"uv": [0.25, 3.75, 2.75, 6.75], "texture": "#0"},
				"east": {"uv": [0, 3.75, 0.25, 6.75], "texture": "#0"},
				"south": {"uv": [6, 3.75, 8.5, 6.75], "texture": "#0"},
				"west": {"uv": [4.25, 3.75, 4.5, 6.75], "texture": "#0"},
				"up": {"uv": [2.75, 3.75, 0.25, 3.5], "texture": "#0"},
				"down": {"uv": [6.75, 3.5, 4.25, 3.75], "texture": "#0"}
			}
		},
		{
			"from": [8, 2, 11],
			"to": [9, 11, 15],
			"rotation": {"angle": 0, "axis": "y", "origin": [6, 2, 10]},
			"faces": {
				"north": {"uv": [1, 9, 1.25, 11.25], "texture": "#0"},
				"east": {"uv": [0, 9, 1, 11.25], "texture": "#0"},
				"south": {"uv": [2.25, 9, 2.5, 11.25], "texture": "#0"},
				"west": {"uv": [1.25, 9, 2.25, 11.25], "texture": "#0"},
				"up": {"uv": [1.25, 9, 1, 8], "texture": "#0"},
				"down": {"uv": [1.5, 8, 1.25, 9], "texture": "#0"}
			}
		},
		{
			"from": [8, 3, 9],
			"to": [9, 10, 11],
			"rotation": {"angle": 0, "axis": "y", "origin": [8, 3, 9]},
			"faces": {
				"north": {"uv": [3, 8.5, 3.25, 10.25], "texture": "#0"},
				"east": {"uv": [2.5, 8.5, 3, 10.25], "texture": "#0"},
				"south": {"uv": [3.75, 8.5, 4, 10.25], "texture": "#0"},
				"west": {"uv": [3.25, 8.5, 3.75, 10.25], "texture": "#0"},
				"up": {"uv": [3.25, 8.5, 3, 8], "texture": "#0"},
				"down": {"uv": [3.5, 8, 3.25, 8.5], "texture": "#0"}
			}
		},
		{
			"from": [8, 3, 5],
			"to": [9, 10, 7],
			"rotation": {"angle": 0, "axis": "y", "origin": [8, 8, 5]},
			"faces": {
				"north": {"uv": [4.5, 8.5, 4.75, 10.25], "texture": "#0"},
				"east": {"uv": [4, 8.5, 4.5, 10.25], "texture": "#0"},
				"south": {"uv": [5.25, 8.5, 5.5, 10.25], "texture": "#0"},
				"west": {"uv": [4.75, 8.5, 5.25, 10.25], "texture": "#0"},
				"up": {"uv": [4.75, 8.5, 4.5, 8], "texture": "#0"},
				"down": {"uv": [5, 8, 4.75, 8.5], "texture": "#0"}
			}
		},
		{
			"from": [4, 13, 0],
			"to": [16, 16, 1],
			"rotation": {"angle": 0, "axis": "y", "origin": [7, 13, 0]},
			"faces": {
				"north": {"uv": [6.75, 7, 9.75, 7.75], "texture": "#0"},
				"east": {"uv": [6.5, 7, 6.75, 7.75], "texture": "#0"},
				"south": {"uv": [10, 7, 13, 7.75], "texture": "#0"},
				"west": {"uv": [9.75, 7, 10, 7.75], "texture": "#0"},
				"up": {"uv": [9.75, 7, 6.75, 6.75], "texture": "#0"},
				"down": {"uv": [12.75, 6.75, 9.75, 7], "texture": "#0"}
			}
		},
		{
			"from": [16, 6, -1],
			"to": [17, 9, 2],
			"rotation": {"angle": 0, "axis": "y", "origin": [16, 0, -15]},
			"faces": {
				"north": {"uv": [9.25, 2.25, 9.5, 3], "texture": "#0"},
				"east": {"uv": [8.5, 2.25, 9.25, 3], "texture": "#0"},
				"south": {"uv": [10.25, 2.25, 10.5, 3], "texture": "#0"},
				"west": {"uv": [9.5, 2.25, 10.25, 3], "texture": "#0"},
				"up": {"uv": [9.5, 2.25, 9.25, 1.5], "texture": "#0"},
				"down": {"uv": [9.75, 1.5, 9.5, 2.25], "texture": "#0"}
			}
		},
		{
			"from": [-1, 6, 14],
			"to": [0, 9, 17],
			"rotation": {"angle": 0, "axis": "y", "origin": [-2, 7, 14]},
			"faces": {
				"north": {"uv": [9.25, 3.75, 9.5, 4.5], "texture": "#0"},
				"east": {"uv": [8.5, 3.75, 9.25, 4.5], "texture": "#0"},
				"south": {"uv": [10.25, 3.75, 10.5, 4.5], "texture": "#0"},
				"west": {"uv": [9.5, 3.75, 10.25, 4.5], "texture": "#0"},
				"up": {"uv": [9.5, 3.75, 9.25, 3], "texture": "#0"},
				"down": {"uv": [9.75, 3, 9.5, 3.75], "texture": "#0"}
			}
		},
		{
			"from": [15, 16, 15],
			"to": [16, 18, 16],
			"rotation": {"angle": 0, "axis": "y", "origin": [15, 16, 15]},
			"faces": {
				"north": {"uv": [5.75, 8.25, 6, 8.75], "texture": "#0"},
				"east": {"uv": [5.5, 8.25, 5.75, 8.75], "texture": "#0"},
				"south": {"uv": [6.25, 8.25, 6.5, 8.75], "texture": "#0"},
				"west": {"uv": [6, 8.25, 6.25, 8.75], "texture": "#0"},
				"up": {"uv": [6, 8.25, 5.75, 8], "texture": "#0"},
				"down": {"uv": [6.25, 8, 6, 8.25], "texture": "#0"}
			}
		},
		{
			"from": [4, 12, 15],
			"to": [16, 16, 16],
			"rotation": {"angle": 0, "axis": "y", "origin": [3, 13, 15]},
			"faces": {
				"north": {"uv": [0.25, 7, 3.25, 8], "texture": "#0"},
				"east": {"uv": [0, 7, 0.25, 8], "texture": "#0"},
				"south": {"uv": [3.5, 7, 6.5, 8], "texture": "#0"},
				"west": {"uv": [3.25, 7, 3.5, 8], "texture": "#0"},
				"up": {"uv": [3.25, 7, 0.25, 6.75], "texture": "#0"},
				"down": {"uv": [6.25, 6.75, 3.25, 7], "texture": "#0"}
			}
		},
		{
			"from": [15, 18, 13],
			"to": [16, 21, 16],
			"light_emission": 5,
			"rotation": {"angle": -22.5, "axis": "y", "origin": [14, 18, 14]},
			"faces": {
				"north": {"uv": [9.25, 0.75, 9.5, 1.5], "texture": "#0"},
				"east": {"uv": [8.5, 0.75, 9.25, 1.5], "texture": "#0"},
				"south": {"uv": [10.25, 0.75, 10.5, 1.5], "texture": "#0"},
				"west": {"uv": [9.5, 0.75, 10.25, 1.5], "texture": "#0"},
				"up": {"uv": [9.5, 0.75, 9.25, 0], "texture": "#0"},
				"down": {"uv": [9.75, 0, 9.5, 0.75], "texture": "#0"}
			}
		}
	],
	"groups": [
		{
			"name": "group",
			"origin": [6, 0, 14],
			"color": 0,
			"children": [
				0,
				1,
				2,
				3,
				4,
				{
					"name": "group",
					"origin": [8, 8, 8],
					"color": 0,
					"children": [5, 6]
				},
				{
					"name": "group",
					"origin": [8, 8, 8],
					"color": 0,
					"children": [7]
				},
				{
					"name": "显示状态",
					"origin": [6, 0, 14],
					"color": 0,
					"children": [8, 9, 10]
				},
				11,
				12
			]
		},
		{
			"name": "出闸机信号灯",
			"origin": [8, 8, 8],
			"color": 0,
			"children": []
		}
	]
}